Unnamed: 0,patient_barcode,tissue_source_site,patient_id,bcr_patient_uuid,informed_consent_verified,icd_o_3_site,icd_o_3_histology,icd_10,tissue_prospective_collection_indicator,tissue_retrospective_collection_indicator,days_to_birth,country_of_birth,gender,height,weight,country_of_procurement,state_province_of_procurement,city_of_procurement,race_list,ethnicity,other_dx,history_of_neoadjuvant_treatment,person_neoplasm_cancer_status,vital_status,days_to_last_followup,days_to_death,tobacco_smoking_history,age_began_smoking_in_years,stopped_smoking_year,number_pack_years_smoked,alcohol_history_documented,frequency_of_alcohol_consumption,amount_of_alcohol_consumption_per_day,reflux_history,antireflux_treatment_types,h_pylori_infection,initial_diagnosis_by,barretts_esophagus,goblet_cells_present,history_of_esophageal_cancer,number_of_relatives_diagnosed,has_new_tumor_events_information,day_of_form_completion,month_of_form_completion,year_of_form_completion,has_follow_ups_information,has_drugs_information,has_radiations_information,project,stage_event_system_version,stage_event_clinical_stage,stage_event_pathologic_stage,stage_event_tnm_categories,stage_event_psa,stage_event_gleason_grading,stage_event_ann_arbor,stage_event_serum_markers,stage_event_igcccg_stage,stage_event_masaoka_stage,primary_pathology_tumor_tissue_site,primary_pathology_esophageal_tumor_cental_location,primary_pathology_esophageal_tumor_involvement_sites,primary_pathology_histological_type,primary_pathology_columnar_metaplasia_present,primary_pathology_columnar_mucosa_goblet_cell_present,primary_pathology_columnar_mucosa_dysplasia,primary_pathology_neoplasm_histologic_grade,primary_pathology_days_to_initial_pathologic_diagnosis,primary_pathology_age_at_initial_pathologic_diagnosis,primary_pathology_year_of_initial_pathologic_diagnosis,primary_pathology_initial_pathologic_diagnosis_method,primary_pathology_init_pathology_dx_method_other,primary_pathology_lymph_node_metastasis_radiographic_evidence,primary_pathology_primary_lymph_node_presentation_assessment,primary_pathology_lymph_node_examined_count,primary_pathology_number_of_lymphnodes_positive_by_he,primary_pathology_number_of_lymphnodes_positive_by_ihc,primary_pathology_planned_surgery_status,primary_pathology_treatment_prior_to_surgery,primary_pathology_residual_tumor,primary_pathology_karnofsky_performance_score,primary_pathology_eastern_cancer_oncology_group,primary_pathology_radiation_therapy,primary_pathology_postoperative_rx_tx
2181,a1bf8a26-2110-4a50-91c2-2ed6ad93e204,VR,A8EW,71F9F567-3687-4E3F-AD20-AED026A5B7E1,YES,C15.4,8070/3,C15.4,NO,YES,-20813,Brazil,MALE,166.0,43.0,Brazil,Sao Paulo,Barretos,ASIAN,Unknown,No,No,WITH TUMOR,Dead,105.0,247.0,2.0,27.0,1989.0,10.0,YES,1.0,1.0,NO,Unknown,Never,Symptomatic,No,NO,NO,0.0,NO,16,6,2014,NO,NO,NO,TCGA-ESCA,7th,Stage IIIB,Stage IIIB,T3N2M0T3N2M0,,,,,,,Esophagus,Mid,Mid,Esophagus Squamous Cell Carcinoma,NO,NO,Unknown,G2,0,57,2012.0,Endoscopic Biopsy,Unknown,YES,YES,13.0,4.0,4.0,Surgery already performed,No Treatment,R0,100.0,0.0,NO,NO
2923,7777aeba-51c0-4416-a540-05576479d693,LN,A4A1,3C1F8B73-BAD7-4649-B08E-C7AFC647EDF3,YES,C15.4,8070/3,C15.4,YES,NO,-22050,Vietnam,MALE,173.0,61.0,Vietnam,Unknown,Unknown,ASIAN,NOT HISPANIC OR LATINO,No,No,TUMOR FREE,Alive,0.0,283.0,1.0,20.0,1989.0,31.0,YES,7.0,2.0,NO,Unknown,Unknown,Unknown,Unknown,Unknown,NO,0.0,YES,12,3,2013,YES,YES,YES,TCGA-ESCA,6th,Stage IIA,Stage IIA,T3N0M0T3N0M0,,,,,,,Esophagus,Mid,Mid,Esophagus Squamous Cell Carcinoma,Unknown,Unknown,Unknown,G3,0,60,2011.0,Surgical Resection,Unknown,Unknown,NO,12.0,1.0,0.0,Surgery already performed,No Treatment,Unknown,60.0,1.0,NO,NO
2926,6f928a12-556e-4091-9e3d-d3f2be3ebc64,LN,A4A4,E89D7900-915D-4936-B1B2-CAC3670EA2F4,YES,C15.5,8070/3,C15.5,YES,NO,-13377,Vietnam,MALE,180.0,62.0,Vietnam,Unknown,Unknown,ASIAN,NOT HISPANIC OR LATINO,No,No,TUMOR FREE,Alive,3.0,283.0,1.0,20.0,1989.0,31.0,YES,7.0,1.0,NO,Unknown,Unknown,Unknown,Unknown,Unknown,NO,0.0,NO,12,3,2013,YES,NO,YES,TCGA-ESCA,6th,Stage III,Stage III,T3N1M0T3N1M0,,,,,,,Esophagus,Distal,Distal,Esophagus Squamous Cell Carcinoma,Unknown,Unknown,Unknown,GX,0,36,2011.0,Surgical Resection,Unknown,Unknown,YES,2.0,2.0,0.0,Surgery already performed,No Treatment,R0,60.0,1.0,NO,NO
2126,3f9fa31f-3f41-488c-b710-02b1e1eb0941,LN,A4A4,E89D7900-915D-4936-B1B2-CAC3670EA2F4,YES,C15.5,8070/3,C15.5,YES,NO,-13511,Vietnam,MALE,180.0,60.0,Vietnam,Unknown,Unknown,ASIAN,NOT HISPANIC OR LATINO,No,No,TUMOR FREE,Alive,3.0,283.0,1.0,20.0,1989.0,31.0,YES,7.0,1.0,NO,Unknown,Unknown,Unknown,Unknown,Unknown,NO,0.0,NO,12,3,2013,YES,NO,YES,TCGA-ESCA,6th,Stage III,Stage III,T3N1M0T3N1M0,,,,,,,Esophagus,Distal,Distal,Esophagus Squamous Cell Carcinoma,Unknown,Unknown,Unknown,GX,0,36,2011.0,Surgical Resection,Unknown,Unknown,YES,2.0,2.0,0.0,Surgery already performed,No Treatment,R0,60.0,1.0,NO,NO
3748,69504545-0ba3-4fa0-bb06-342f19e3164a,M9,A5M8,124C1D54-1836-4F8F-920F-14047376120F,YES,C15.5,8140/3,C15.5,NO,YES,-21417,Unknown,MALE,174.0,53.0,Canada,Ontario,London,Unknown,Unknown,No,No,TUMOR FREE,Alive,536.0,283.0,2.0,20.0,1989.0,50.0,YES,3.0,3.0,NO,Unknown,Unknown,Symptomatic,No,Unknown,YES,2.0,NO,25,9,2013,YES,NO,NO,TCGA-ESCA,7th,Unknown,Stage IIA,T3N0M0,,,,,,,Esophagus,Distal,Distal,"Esophagus Adenocarcinoma, NOS",Unknown,Unknown,Unknown,G2,0,58,2011.0,Unknown,Unknown,NO,YES,16.0,0.0,0.0,Unknown,Unknown,R0,80.0,1.0,NO,NO
2213,9cfc378c-40d0-437f-8b06-c800ab58efe4,IC,A6RF,9DFDDC49-1E66-4E26-9D71-40D748CCA0A6,YES,C15.5,8070/3,C15.5,YES,NO,-25334,Unknown,FEMALE,170.0,99.0,United States,Pennsylvania,Pittsburgh,WHITE,NOT HISPANIC OR LATINO,Yes,No,TUMOR FREE,Alive,189.0,283.0,3.0,25.0,1992.0,22.0,YES,1.0,1.0,YES,Unknown,Unknown,Unknown,Unknown,Unknown,Unknown,0.0,YES,1,7,2014,YES,YES,YES,TCGA-ESCA,7th,Stage IIB,Stage IA,T1N1M0T1N0M0,,,,,,,Esophagus,Mid,Mid,Esophagus Squamous Cell Carcinoma,Unknown,Unknown,Unknown,GX,0,69,2013.0,Endoscopic Biopsy,Unknown,Unknown,YES,2.0,0.0,0.0,Surgery already performed,No Treatment,R0,80.0,1.0,NO,NO
394,d14889ab-d6b7-4c4e-87dd-58860cee83b0,XP,A8T8,8D3CCAF0-872A-4EE3-B4B7-847180FEC3AB,YES,C15.5,8070/3,C15.5,NO,YES,-18113,Brazil,MALE,173.0,64.0,Unknown,Unknown,Unknown,BLACK OR AFRICAN AMERICAN,HISPANIC OR LATINO,No,No,TUMOR FREE,Alive,437.0,283.0,2.0,12.0,1989.0,19.0,YES,7.0,7.0,NO,Unknown,Never,Symptomatic,No,Unknown,NO,0.0,NO,28,1,2015,YES,NO,NO,TCGA-ESCA,7th,Stage IIB,Stage IIB,T1N1M0T1N1M0,,,,,,,Esophagus,Mid,Mid,Esophagus Squamous Cell Carcinoma,NO,NO,High grade dysplasia,G1,0,49,2011.0,Endoscopic Biopsy,Unknown,YES,YES,10.0,1.0,0.0,Surgery already performed,No Treatment,R0,90.0,1.0,YES,YES
587,e8379ab4-a43e-4e71-ab71-659aa91f9f90,VR,AA4G,DF5BD25C-D70B-4126-89CB-6C838044AE3B,YES,C15.4,8070/3,C15.4,NO,YES,-18924,Brazil,FEMALE,163.0,70.0,Brazil,Sao Paulo,Barretos,WHITE,Unknown,No,No,TUMOR FREE,Alive,366.0,283.0,4.0,12.0,1989.0,10.0,NO,3.0,1.0,NO,Unknown,Never,Symptomatic,No,Unknown,NO,0.0,NO,20,8,2014,YES,NO,NO,TCGA-ESCA,7th,Stage IIIA,Stage IIIA,T2N2M0T2N2M0,,,,,,,Esophagus,Mid,Mid,Esophagus Squamous Cell Carcinoma,NO,NO,Negative/no dysplasia,G2,0,51,2013.0,Endoscopic Biopsy,Unknown,YES,YES,25.0,1.0,0.0,Surgery already performed,No Treatment,R0,90.0,1.0,NO,NO
